새누리당	headquarter	진도_(섬)	x	0.3598
세타트	largestCity	마라케시	o	0.5037
라바트	largestCity	세타트	o	0.5037
박병호_(1986년)	birthPlace	미네소타_주	x	0.28
조선로동당	headquarter	평창군	x	0.1926
서울종합운동장_야구장	tenant	대한민국_관세청	o	0.5037
임종석	deathPlace	미국	x	0.421
도널드_트럼프	deathPlace	미국	x	0.4393
김일엽_(승려)	spouse	성혜림	x	0.2531
자그레브	largestCity	바르나	o	0.5054
성녀_니노	deathPlace	아르메니아	o	0.5037
아사다_마오	deathPlace	상트페테르부르크	o	0.5037
성혜랑	spouse	성혜림	x	0.2077
성혜림	birthPlace	창녕군	o	0.5037
신사임당	parent	황진이	o	0.5037
모로코	capital	세타트	x	0.2987
김영숙_(1947년)	spouse	김정일	x	0.4483
부다페스트	capital	자그레브	x	0.4063
마라케시	largestCity	세타트	o	0.5037
자그레브	largestCity	바르샤바	o	0.5037
미국	largestCity	할리우드	o	0.5037
성혜랑	deathPlace	조선민주주의인민공화국	o	0.5037
손흥민	birthPlace	잉글랜드	o	0.5037
최고인민회의	headquarter	미국	x	0.2164
경기도	capital	서울특별시	o	0.4874
개미	family	곰개미	o	0.5037
SK텔레콤	subsidiary	SK하이닉스	o	0.5037
한진그룹	subsidiary	한진그룹	o	0.5037
롯데_자이언츠	affiliation	대한민국_관세청	x	0.1553
미국	capital	하노버	o	0.5037
레바논	largestCity	로스앤젤레스	o	0.504
세타트	largestCity	라바트	o	0.5037
독일	capital	서울특별시	o	0.4745
하이데라바드_(인도)	largestCity	세쿤데라바드	o	0.5037
엠넷	affiliation	CJ미디어	o	0.5071
손명순	spouse	이혜훈	x	0
문선명	relative	문국진	x	0.4466
이영애	spouse	박찬욱	o	0.5037
자그레브	largestCity	부다페스트	o	0.5037
세계농아인연맹	headquarter	로마	x	0.1399
정지선	parent	정몽근	o	0.5037
성혜랑	child	김정일	o	0.511
김정일	deathPlace	쿠알라룸푸르	x	0.4254
박찬욱	spouse	이영애	x	0.3428
고등학교	affiliation	세종대학교	x	0.4752
세미흐_카야	birthPlace	터키	o	0.5037
황진이	parent	신사임당	o	0.5037
미국	capital	나고야_시	o	0.4866
폴란드	capital	자그레브	x	0.3912
세르비아	ethnicGroup	유대인	o	0.5043
소피아	capital	자그레브	x	0.4184
아바나	capital	자그레브	x	0.4049
바르나	capital	자그레브	x	0.4132
신동빈	spouse	최순실	o	0.4695
통일민주당	headquarter	부산광역시	x	0.3806
모로코	largestCity	마라케시	o	0.5037
예수	deathPlace	이스라엘	o	0.5037
태진아	birthPlace	서울특별시	o	0.5037
유고슬라비아	capital	자그레브	x	0.4
곰	family	북극곰	x	0.1597
포스코	affiliation	포스코에너지	x	0.3662
문익환	relative	윤동주	x	0.4497
세쿤데라바드	largestCity	하이데라바드_(인도)	o	0.5038
유고슬라비아	capital	베오그라드	x	0.4344
일리노이_주	largestCity	일리노이_주	o	0.5037
유고슬라비아	capital	아바나	o	0.4775
불가리아	capital	자그레브	x	0.4161
유고슬라비아	capital	부다페스트	x	0.4393
윤동주	relative	문익환	x	0.2107
문화방송	headquarter	서울특별시	x	0.3278
석현준	birthPlace	데브레첸	o	0.5037
김영숙_(1947년)	spouse	김일성	o	0.4839
크로아티아	ethnicGroup	세르비아인	x	0.4409
자그레브	largestCity	소피아	x	0.4511
독일	ethnicGroup	위구르족	x	0.4561
이혜훈	spouse	손명순	x	0.4375
바르샤바	largestCity	자그레브	o	0.5073
독일	capital	부퍼탈	o	0.506
헝가리	capital	자그레브	x	0.3991
반줄	largestCity	세레쿤다	o	0.5041
페니_위드모어	spouse	소냐_왈거	x	0.4639
미국	largestCity	일리노이_주	o	0.5037
김일성	spouse	김영숙_(1947년)	o	0.5108
황진이	spouse	신사임당	x	0.4396
캘리포니아_주	largestCity	베이루트	x	0.4477
자그레브	largestCity	베오그라드	o	0.5037
네팔	ethnicGroup	한국인	o	0.5044
조선_광해군	parent	의인왕후	o	0.5037
성혜랑	spouse	김정일	x	0.4508
쿠바	capital	자그레브	x	0.3857
성혜림	deathPlace	조선민주주의인민공화국	o	0.5037
SK하이닉스	subsidiary	SK텔레콤	o	0.5037
금호아시아나그룹	subsidiary	금호고속	o	0.5037
베오그라드	capital	자그레브	x	0.4047
대한제국_고종	deathPlace	강화도	o	0.5037
영국	ethnicGroup	미국인	o	0.5037
김일성	spouse	김정일	x	0.4621
프라하_성	location	프라하	o	0.5037
이사_(법인)	isPartOf	김태한	o	0.4778
세바스티안_피녜라	occupation	정치가	o	0.5037
홈페이지	isPartOf	데브레첸	o	0.5047
서울특별시	team	롯데_자이언츠	o	0.4931
우랄어족	languageFamily	에스토니아어	o	0.5037
대변인	deathPlace	청와대	o	0.5037
광주시_(경기도)	isPartOf	검단산	o	0.4742
성균관	isPartOf	서울특별시	o	0.4841
조선민주주의인민공화국	occupation	영화배우	o	0.5037
휠라	isPartOf	아큐시네트	x	0.3671
한화_이글스	position	내야수	o	0.5037
영화_감독	position	신태용	o	0.5037
통합진보당	leader	유시민	o	0.5037
유승민_(정치인)	position	대한민국_국회	o	0.5037
작가	knownFor	한국	o	0.5051
김소영_(1914년)	position	러시아의_대통령	o	0.5037
박주선	party	신당	o	0.5037
송파구	isPartOf	용인시	x	0.3887
이글스	position	투수	o	0.5037
일본	language	영어	o	0.5037
여의도	country	독일	o	0.5037
빌_게이츠	knownFor	생명공학기술	x	0.2815
박영선	isPartOf	세월호	o	0.4721
대한민국_해군사관학교	deathPlace	강화도	o	0.5037
매전면	isPartOf	청도읍	x	0.4384
조선로동당	leader	김여정	x	0.4808
강남구	isPartOf	정부	x	0.3006
한국	country	미국	o	0.5037
애니밴드	occupation	작곡가	o	0.5037
할리우드	isPartOf	옥자	o	0.5037
대한민국의_대통령비서실장	deathPlace	미국	x	0.4556
마포구	isPartOf	동_(행정_구역)	x	0.4463
자그레브	location	바르샤바	x	0.2173
미셰우_테메르	occupation	정치가	o	0.5037
성녀_니노	religion	기독교	o	0.5037
통일민주당	leader	노무현	o	0.5032
대한민국_관세청	isPartOf	서울종합운동장_야구장	o	0.4756
한국	team	토론토_블루제이스	x	0.2984
마스카와_도시히데	knownFor	핵무기	x	0.3959
셰이크_하시나	position	수상	o	0.5163
지하철	location	서울특별시	o	0.5037
이사_(법인)	position	회장	o	0.5037
프랑스어	position	공격수	o	0.5037
이승우_(법조인)	birthPlace	네덜란드	o	0.5037
엠넷	genre	음악	o	0.5037
대통령	party	새누리당	x	0.446
대통령	party	더불어민주당	o	0.5037
장로교	isPartOf	성결대학교	x	0.4244
섬진강	isPartOf	두꺼비	o	0.4956
경상북도	isPartOf	포항시	x	0.2874
강동구	isPartOf	길동	x	0.4367
아나돌루_에페스	country	러시아	o	0.5037
안철수	successor	안랩	o	0.4947
스포츠동아	isPartOf	이용대	o	0.4752
경기도	isPartOf	이원_(1962년)	o	0.4732
유고슬라비아	country	쿠바	o	0.5078
의원	occupation	변호사	x	0.4256
터키	leader	세미흐_카야	o	0.5036
의회_의원	party	더불어민주당	o	0.5037
스포츠조선	isPartOf	염경엽	o	0.5162
부통령	title	동계_올림픽	x	0.3951
예루살렘	isPartOf	예수	o	0.5037
자동차	country	조선민주주의인민공화국	o	0.5037
스포츠조선	isPartOf	수번뇌	o	0.4964
에스페란토	country	폴란드	o	0.5037
슬로보단_밀로셰비치	battle	보스니아_전쟁	x	0.4519
자그레브	country	불가리아	x	0.4581
최현석	isPartOf	강레오	x	0.411
핵무기	country	일본	o	0.5037
대한민국_농림수산식품부	predecessor	김치	o	0.5037
문화방송	isPartOf	서울특별시	o	0.4757
김여정	position	대한민국_국회	o	0.5037
핀란드어	languageFamily	에스토니아어	o	0.5037
세종대학교	isPartOf	고등학교	o	0.504
추미애	country	독일	o	0.5037
파리_(프랑스)	country	미국	o	0.5037
강화도	country	영국	o	0.5037
서울종합운동장_야구장	isPartOf	신동빈	o	0.4948
자그레브	country	폴란드	o	0.5037
노무현	position	동구_(대구광역시)	x	0.3926
중국	leader	류샤오보	x	0.4486
가창면	isPartOf	검단동_(인천)	o	0.5056
팝_록	occupation	가수	x	0.4234
왕비	predecessor	의인왕후	o	0.5037
유엔_교육_과학_문화_기구	location	쾰른_대성당	o	0.4928
경상남도	order	개구리목	x	0.4506
시부야	country	일본	o	0.5037
송파구	isPartOf	성남시	o	0.5037
부산광역시	party	통일민주당	o	0.5037
세터_(배구)	isPartOf	김사니	o	0.471
대중교통	isPartOf	고등동_(성남시)	o	0.4841
왼손잡이	occupation	영화_감독	o	0.4884
조선민주주의인민공화국	leader	김정일	o	0.5033
강원_FC	position	대한민국의_공정거래위원회_위원장	o	0.5048
박영선	predecessor	세월호	o	0.5026
염경엽	position	사장	x	0.4674
카번데일	isPartOf	일리노이_주	o	0.4945
성거읍	isPartOf	위례산	o	0.5052
시내버스	isPartOf	화원고등학교_(대구)	o	0.4698
성동구	isPartOf	성수대교	o	0.4844
이재용_(기업인)	knownFor	반도체	o	0.5063
분당선	routeEnd	서울특별시	o	0.4793
서울특별시	isPartOf	이용대	o	0.4908
남반구	isPartOf	브라질리아	o	0.4957
미국	leader	박병호_(1986년)	o	0.5037
성내동	isPartOf	길동	x	0.413
현서면	isPartOf	성덕댐로	o	0.4732
조선_광해군	position	왕세자	o	0.5037
수정구	isPartOf	수진동	x	0.4587
작가	genre	미술	x	0.3732
스위스	isPartOf	세계무역기구	x	0.2667
서울특별시	isPartOf	추미애	x	0.0025
선수	isPartOf	최지만	o	0.5027
한국GM	party	더불어민주당	o	0.5037
신동빈	isPartOf	서울특별시	o	0.48
팝_록	country	대한민국	o	0.5032
슬로보단_밀로셰비치	battle	코소보_전쟁	o	0.5037
대표	country	독일	o	0.5037
성균관	isPartOf	혜화역	o	0.485
화원고등학교_(대구)	isPartOf	대구광역시	o	0.467
이소룡	title	용쟁호투	x	0.4103
토론토_블루제이스	isPartOf	오승환	o	0.5018
의원	position	러시아의_대통령	o	0.5037
유고슬라비아	country	헝가리	x	0.4665
대한민국의_국회의장	predecessor	박주선	o	0.5029
경기도	team	덴마크_축구_국가대표팀	x	0.4516
총수	position	한진그룹	o	0.5037
한국	occupation	작가	x	0.236
코렐	isPartOf	강화도	o	0.4977
위만조선	country	한나라	x	0.478
추미애	position	대한민국_국회	o	0.5037
윤동주	occupation	목사	o	0.5037
옥자	location	뉴욕	x	0.2573
아랍어	country	모로코	o	0.5037
아사다_마오	country	러시아	o	0.5037
공산주의	country	헝가리	x	0.4467
경상북도	isPartOf	떡	x	0.3347
세종특별자치시	isPartOf	아산시	o	0.5044
유엔_교육_과학_문화_기구	location	리투아니아	o	0.4983
등_(식물)	country	말레이시아	o	0.5052
포수	team	한화_이글스	x	0.0664
대한민국_농림수산식품부	location	대한민국	o	0.5037
해군	position	강화도	x	0.4998
중국	country	미국	o	0.5037
배우	related	런닝맨	o	0.5037
한미_관계	leader	임종석	x	0.4936
수번뇌	team	넥센_히어로즈	x	0.4649
가야금	genre	가곡	o	0.5037
네덜란드	leader	슬로보단_밀로셰비치	o	0.5035
우르두어	largestCity	하이데라바드_(인도)	o	0.5049
한국	religion	기독교	o	0.5037
성혜랑	occupation	영화배우	o	0.5037
영화_감독	isPartOf	신태용	o	0.4918
런던	isPartOf	미국인	x	0.4626
김정은	position	대한민국의_대통령경호실장	o	0.5037
IFK_예테보리	position	축구_선수	o	0.5037
전라남도	position	새누리당	x	0.3526
시장	location	경기도	x	0.4326
북구_(포항시)	isPartOf	시내버스	x	0.4455
정부	isPartOf	한국	o	0.4834
자그레브	location	부다페스트	o	0.5016
말레이시아	leader	김정일	o	0.5034
영화_감독	occupation	배우	o	0.49
성거읍	isPartOf	흑성산	o	0.5045
서울특별시	channel	문화방송	o	0.5037
영화_감독	isPartOf	홍길동	x	0.3437
히가시소노기_군	isPartOf	소노기_역	o	0.5056
세이셸_크리올	language	프랑스어	o	0.5064
한미_관계	position	대한민국의_대통령비서실장	o	0.5188
정몽준	successor	세월호	o	0.5037
축구_선수	language	스웨덴어	x	0.2827
미드필더	isPartOf	셀추크	x	0.1073
자그레브	country	헝가리	x	0.4361
대한민국의_대통령경호실장	party	조선로동당	o	0.5037
미국	leader	도널드_트럼프	o	0.5036
서초구	isPartOf	판교신도시	x	0.323
단국대학교	isPartOf	박원순	o	0.5055
아나돌루_에페스	country	세르비아	o	0.5037
소냐_왈거	isPartOf	로스트	o	0.4745
성덕왕	successor	경덕왕	x	0.4709
할리우드	isPartOf	스퀘어_(일본의_기업)	x	0.443
SK_와이번스	isPartOf	스포츠조선	o	0.4738
미드필더	position	갈라타사라이_SK_(축구)	o	0.503
더불어민주당	position	대통령	o	0.5037
미드필더	country	독일	o	0.5037
서울특별시	title	경향신문	x	0.0387
태진아	location	강남구	x	0.4277
더불어민주당	position	의회_의원	o	0.5037
선수	position	임창용	o	0.5037
페슈트	type	교량	o	0.5037
엘자이시_SC	country	프랑스	x	0.4518
성균관대역	isPartOf	성균관대학교	o	0.484
스웨덴	leader	세바스티안_에릭손	o	0.5037
조선로동당	leader	김일성	x	0.4889
4성_장군	deathPlace	히말라야_산맥	x	0.468
대한민국의_대통령경호실장	title	2018년_동계_올림픽	x	0.2966
성수동	isPartOf	성수대교	o	0.4709
북면_(인제군)	isPartOf	위례산	o	0.5013
세르지_탄키안	country	레바논	o	0.5037
신월동_(서울)	isPartOf	양천구	x	0.4142
퀸시	isPartOf	시카고	x	0.4151
의회_의원	successor	세월호	o	0.5037
두산_베어스	occupation	선수	o	0.5037
히가시쓰가루_군	isPartOf	세이칸_터널	o	0.4777
소냐_왈거	occupation	배우	o	0.4855
유승민_(정치인)	party	신당	o	0.5037
쿠알라룸푸르	isPartOf	김정일	o	0.5003
김무성	successor	세월호	o	0.5037
더불어민주당	country	독일	o	0.5037
축구	league	K리그_클래식	o	0.5317
LG전자	location	유럽	o	0.5037
사그라다_파밀리아	isPartOf	FC_바르셀로나	o	0.4704
손나은	isPartOf	춤	o	0.482
4성_장군	country	네팔	o	0.5037
더불어민주당	isPartOf	한국GM	x	0.4248
프라하_성	country	체코	x	0.4552
성균관대학교	isPartOf	성균관대역	o	0.5043
천안시	isPartOf	태조산	o	0.4723
총리	position	대한민국의_공정거래위원회_위원장	o	0.5047
엘자이시_SC	position	미드필더	o	0.5037
에이스	occupation	선수	o	0.5037
대표	successor	안랩	o	0.5037
서울천동초등학교	isPartOf	서울특별시	o	0.4809
박근혜	position	이기택	o	0.5037
선수	team	토론토_블루제이스	x	0.2829
공격수	language	프랑스어	o	0.5059
경기도	isPartOf	이용대	o	0.505
매전면	country	대한민국	o	0.503
공격수	position	왼손잡이	o	0.5037
기자_(직업)	isPartOf	조용필	x	0.4511
윤선도	genre	시조	o	0.5037
파리_(프랑스)	isPartOf	문재인	o	0.504
평창군	isPartOf	대한민국의_공정거래위원회_위원장	o	0.5077
이르티시_강	isPartOf	세메이	x	0.447
바르샤바	language	폴란드어	o	0.5038
공격수	isPartOf	잉글랜드	x	0.4649
공산주의	country	폴란드	o	0.5037
더불어민주당	position	한국GM	o	0.5033
수정구	isPartOf	대중교통	x	0.0679
장안구	isPartOf	성균관대학교	o	0.5023
루키우스_안나이우스_세네카	largestCity	토론토	o	0.5037
종로구	isPartOf	성균관대학교	o	0.5057
원내대표	position	한국GM	o	0.5037
강원_FC	country	미국	o	0.5037
김영삼	successor	노무현	o	0.5036
양천구	isPartOf	신월동_(서울)	x	0.4239
K리그_클래식	genre	축구	x	0.3825
외국인	occupation	영화_감독	o	0.4982
퀸시_역_(암트랙)	country	미국	o	0.5037
대사_(외교관)	deathPlace	하노버	o	0.5037
크리스티나	genre	영화	x	0.3658
서울특별시	occupation	가수	x	0.4197
한국	genre	소설	o	0.5037
캘리포니아_주	country	레바논	o	0.5037
도널드_트럼프	location	소호_(맨해튼)	o	0.5037
대한민국_관세청	isPartOf	서울특별시	o	0.4793
혜화역	isPartOf	성균관대학교	o	0.5054
대통령	occupation	정치가	o	0.5037
강원_FC	position	총리	o	0.5037
세바스티안_에릭손	position	축구_선수	o	0.5037
미국	successor	최고인민회의	o	0.4831
대표	occupation	기자_(직업)	x	0.4234
영화_감독	position	투수	o	0.5037
베이징_시	deathPlace	자그레브	o	0.5037
제주특별자치도	isPartOf	제주도	o	0.5037
최지만	title	한국	x	0.439
한국	isPartOf	김환기	x	0.4372
경상남도	isPartOf	성혜림	o	0.5036
원내대표	party	더불어민주당	o	0.5037
LG전자	location	독일	x	0.3964
충청남도	isPartOf	성거산	o	0.5003
성균관	type	지하철	o	0.5037
대한민국_국회	occupation	교수	x	0.3813
현대문학	genre	소설	o	0.5037
소년소녀_가요백서	country	대한민국	o	0.5031
SK_와이번스	occupation	영화_감독	o	0.4752
2018년_동계_올림픽	party	조선로동당	o	0.5037
강남구	occupation	가수	x	0.4151
서울특별시	country	독일	o	0.5037
정_(행정_구역)	isPartOf	세이칸_터널	o	0.4894
뉴욕	type	월마트	o	0.5037
최순실	position	대한민국_관세청	o	0.5037
로스앤젤레스_다저스	isPartOf	자유계약선수제도	x	0.4187
곤충	location	한반도	x	0.243
종로구	isPartOf	서대문구	o	0.4884
일본	leader	버락_오바마	x	0.4868
상트페테르부르크	country	일본	o	0.5037
이탈리아	title	세계농아인연맹	x	0.3134
송만덕	position	공격수	o	0.5037
공격수	league	프리미어리그	x	0.4262
조선민주주의인민공화국	isPartOf	평화자동차	o	0.5047
대한민국_국회	position	대한민국의_국회의장	o	0.5037
중국	country	브라질	o	0.5037
미국	title	동계_올림픽	x	0.4128
에스페란토	deathPlace	바르나	o	0.5037
기자_(직업)	country	미국	o	0.5037
유고슬라비아	country	불가리아	x	0.4275
영화_감독	position	공격수	o	0.5037
장관	party	국민의당	o	0.5037
아나스타스_미코얀	country	러시아	o	0.5037
퀸시	isPartOf	일리노이_주	o	0.4962
프랑스	leader	문재인	x	0.2895
페니_위드모어	occupation	배우	o	0.5018
송파구	isPartOf	정부	x	0.3726
모델_(직업)	isPartOf	농심켈로그	o	0.5039
대한민국_관세청	isPartOf	신동빈	o	0.4849
커피	location	서울특별시	o	0.5037
세타트	isPartOf	라바트	o	0.4906
판교신도시	isPartOf	정부	x	0.2685
제네바	isPartOf	세계무역기구	x	0.4137
대한민국	isPartOf	에어부산	o	0.5047
대한민국_국회	party	더불어민주당	o	0.5037
정부	country	미국	o	0.5037
내야수	team	두산_베어스	x	0.2979
롯데_자이언츠	isPartOf	이대호	o	0.5037
최지만	team	토론토_블루제이스	x	0.3331
정유라_(승마_선수)	isPartOf	삼성그룹	o	0.4919
이사_(법인)	isPartOf	삼성바이오로직스	x	0.46
친절한_금자씨	occupation	배우	x	0.4568
박근혜	position	대한민국_관세청	o	0.5037
하동군	order	개구리목	x	0.4502
롯데_자이언츠	position	임수혁	o	0.5065
서울천동초등학교	isPartOf	성내동	o	0.4809
세미흐_카야	team	대한민국_축구_국가대표팀	x	0.0668
한국	team	두산_베어스	x	0.23
세바스티안_피녜라	position	대통령	o	0.5037
프랑스	title	1994년_동계_올림픽	x	0.3091
애니메이션	occupation	영화_감독	o	0.5037
일본	routeEnd	홋카이도	o	0.4815
평창군	country	미국	o	0.5037
조선	leader	미우라_고로	o	0.5036
이승우_(법조인)	country	독일	o	0.5037
의회_의원	isPartOf	세월호	o	0.4779
런던	genre	펑크_록	o	0.5037
해군	country	영국	o	0.5037
수원시	isPartOf	성균관대학교	o	0.5049
대한민국	isPartOf	경향신문	o	0.5047
프리울리	isPartOf	리엔츠	o	0.5018
대학수학능력시험	occupation	시인	x	0.426
최재훈_(야구_선수)	team	한화_이글스	x	0.1198
장안구	isPartOf	이원_(1962년)	x	0.461
우거왕	position	한나라	o	0.5037
나가사키_현	isPartOf	소노기_역	o	0.5078
문화청_미디어_예술제	location	일본	x	0.2249
정치가	position	대통령	o	0.5037
신성현	team	두산_베어스	x	0.2656
런닝맨	genre	춤	o	0.5037
의회_의원	party	통일민주당	o	0.5037
조선민주주의인민공화국	title	동계_올림픽	x	0.3658
대통령	position	장관	x	0.4957
정부	leader	아나스타스_미코얀	x	0.487
서울특별시	isPartOf	성시경	o	0.5043
안철수	predecessor	세월호	x	0.4752
롯데_자이언츠	position	포수	o	0.5037
성결대학교	isPartOf	개신교	x	0.3752
선수	country	미국	o	0.5037
박_(불교)	deathPlace	청와대	o	0.5037
세계농아인연맹	country	이탈리아	o	0.5037
이_(4상)	position	의원	o	0.5037
뉴욕	genre	영화	x	0.1832
갈라타사라이_SK	position	미드필더	o	0.5037
부산광역시	isPartOf	안락동	o	0.5047
학문	country	일본	o	0.5037
대구광역시	isPartOf	시내버스	x	0.4234
수번뇌	occupation	영화_감독	o	0.5037
매전면	isPartOf	청도군	x	0.3498
혜화동	isPartOf	종로구	o	0.4908
평창군	predecessor	김여정	o	0.5061
화원고등학교_(대구)	isPartOf	검단동_(인천)	o	0.506
크리스털_팰리스_FC	language	프랑스어	o	0.5059
성결대학교	isPartOf	장로교	o	0.4847
백작	isPartOf	고리치아	o	0.4754
광주시_(경기도)	isPartOf	불곡산_(양주)	x	0
셀윈_구	isPartOf	캔터베리_지방	x	0.4631
평창군	country	조선민주주의인민공화국	o	0.5037
홍길동	occupation	영화_감독	o	0.5037
신동빈	position	이사_(법인)	o	0.5037
성주_배씨	isPartOf	신라	o	0.492
성균관대학교	isPartOf	종로구	o	0.4907
이회창	position	의원	o	0.5037
미드필더	country	프랑스	o	0.5037
여의도	party	더불어민주당	o	0.5037
알렉시_오간도	occupation	영화_감독	x	0.441
가곡	country	일본	o	0.5037
서울특별시	isPartOf	단국대학교	o	0.5037
미네소타_주	occupation	기자_(직업)	x	0.4452
산소	country	네팔	o	0.5037
하동군	isPartOf	섬진강	o	0.4891
서울특별시장	location	전라남도	o	0.5037
임창용	team	삼성_라이온즈	x	0.265
스위스_슈퍼리그	team	세르베트_FC	x	0.3307
외무부	party	국민의당	o	0.5037
우원식	position	원내대표	x	0.402
수번뇌	isPartOf	스포츠조선	x	0.4458
유승민_(정치인)	position	대한민국의_국회의장	o	0.5037
독일	party	더불어민주당	o	0.5037
대한민국의_공정거래위원회_위원장	successor	김정일	x	0.4056
대한민국_국회	occupation	기자_(직업)	x	0.4442
한국	isPartOf	유럽	o	0.5088
문국진	predecessor	문선명	x	0.2723
대한민국_축구_국가대표팀	language	터키어	o	0.5037
서울특별시	location	경기도	x	0.4599
지하철	type	사업	x	0.3686
미국	occupation	선수	o	0.5037
강남구	isPartOf	판교신도시	x	0.2891
김정일	party	노동당_(영국)	o	0.5037
가수	genre	팝_록	o	0.5037
염경엽	isPartOf	스포츠조선	x	0.4612
천안시	isPartOf	성거산	o	0.4855
신동빈	position	러시아의_대통령	o	0.5037
미국	leader	브래드_피트	o	0.5037
퀸시	isPartOf	유니언_역_(시카고)	x	0.3188
김규식	position	임시_정부	o	0.5037
서울특별시	occupation	기자_(직업)	x	0.4233
장관	position	대한민국_여성가족부	o	0.5037
박정희	religion	불교	o	0.5036
화원고등학교_(대구)	isPartOf	시내버스	x	0.461
충청북도	battle	한국_전쟁	o	0.5037
용인시	isPartOf	박원순	o	0.505
세월호	party	새누리당	x	0.2819
카번데일	isPartOf	시카고	x	0.3811
문국진	position	구단주	x	0.3848
남반구	country	브라질	o	0.5037
FC_바르셀로나	position	공격수	o	0.5037
옥자	location	할리우드	x	0.4047
빌뉴스	isPartOf	쾰른_대성당	x	0.4351
송파구	isPartOf	신도시	o	0.5078
미드필더	birthPlace	부퍼탈	x	0.2829
캐나다	leader	루키우스_안나이우스_세네카	o	0.5036
이용대	location	경기도	x	0.4508
미드필더	isPartOf	부퍼탈	x	0.0553
달성군	isPartOf	시내버스	o	0.4654
임수혁	position	강성우	o	0.6925
삼성_라이온즈	position	투수	o	0.5037
스웨덴	title	볼보	x	0.2754
세르지_탄키안	largestCity	로스앤젤레스	o	0.504
내야수	team	한화_이글스	x	0.0757
김영남	position	부통령	o	0.5037
러시아의_대통령	party	새정치국민회의	o	0.5037
안덕면_(서귀포시)	isPartOf	성덕댐로	o	0.4793
외국인	position	투수	o	0.5037
아르메니아	religion	기독교	o	0.5037
로스트	occupation	배우	x	0.4572
동계_올림픽	party	조선로동당	o	0.5037
박원순	isPartOf	세월호	o	0.4826
우원식	party	더불어민주당	o	0.5037
서초구	isPartOf	용인시	x	0.418
윈도우_라이트	occupation	영화_감독	o	0.5037
텔루구어	largestCity	하이데라바드_(인도)	o	0.5037
러시아의_대통령	position	의원	o	0.5037
문	position	외무부	x	0.4583
신당	leader	유승민_(정치인)	o	0.5037
조선로동당	leader	김정일	o	0.5033
자유계약선수제도	team	로스앤젤레스_다저스	x	0.3317
프리울리	isPartOf	고리치아	o	0.4832
프랑스어	position	미드필더	o	0.5037
경기도	isPartOf	소래산	o	0.4705
중국	isPartOf	바둑	o	0.4778
폴란드어	deathPlace	바르샤바	x	0.3951
일본	leader	박영효	x	0.4552
박현선	isPartOf	고등학교	o	0.5041
북구_(포항시)	isPartOf	검단동_(인천)	o	0.506
여의도	isPartOf	추미애	x	0.0013
최순실	position	롯데_자이언츠	o	0.5037
김여정	title	2018년_동계_올림픽	x	0.3127
영어	largestCity	반줄	o	0.5041
프리미어리그	position	손흥민	o	0.512
용산구	isPartOf	기자_(직업)	o	0.4915
서울특별시	party	더불어민주당	o	0.5037
불곡산_(양주)	isPartOf	하남시	x	0.4523
토트넘_홋스퍼_FC	isPartOf	손흥민	o	0.5119
우원식	isPartOf	우상호	o	0.4824
수호이	country	러시아	o	0.5037
대한민국_교통부	successor	대한민국_철도청	o	0.5037
서울종합운동장_야구장	title	롯데_자이언츠	x	0.426
시카고	isPartOf	퀸시	x	0.3777
임창용	position	마해영	o	0.5037
남구_(울산광역시)	isPartOf	경상북도	x	0.3987
1993년_세계_무역_센터_폭탄_테러	country	영국	o	0.5037
정주영	education	숙명여자대학교	o	0.5037
일본	successor	최고인민회의	x	0.4436
동_(행정_구역)	isPartOf	마포구	o	0.4804
강남구	isPartOf	태진아	o	0.4867
의인왕후	type	왕비	x	0.4905
검단동_(인천)	isPartOf	달성군	o	0.4669
세종특별자치시	isPartOf	천안시	x	0.3898
이용대	location	서울특별시	o	0.5037
부산광역시	isPartOf	망미동	x	0.2713
공산주의	type	에스페란토	x	0.3458
세이칸_터널	isPartOf	가미이소_군	o	0.4662
만안구	isPartOf	성결대학교	x	0.4262
미국	isPartOf	옥자	o	0.5037
부통령	position	대한민국의_공정거래위원회_위원장	o	0.505
회장	location	서울특별시	o	0.5037
뉴욕	isPartOf	할리우드	o	0.5037
신동빈	position	대한민국_관세청	o	0.5037
동남구	isPartOf	태조산	o	0.4659
하노버	country	미국	o	0.5037
안철수	successor	세월호	o	0.5037
프리미어리그	position	공격수	o	0.5037
달성군	isPartOf	검단동_(인천)	o	0.5069
오스트로네시아어족	languageFamily	타히티어	o	0.5037
북면_(인제군)	isPartOf	태조산	o	0.4682
김태한	position	이사_(법인)	o	0.5037
박근혜	occupation	기자_(직업)	x	0.4265
대통령	occupation	기자_(직업)	x	0.4403
정몽근	position	정지선	o	0.5037
공격수	occupation	영화_감독	x	0.466
이윤택	occupation	배우	x	0.4742
회장	isPartOf	롯데홀딩스	o	0.4674
추미애	position	한국GM	o	0.5037
서울특별시	type	회장	o	0.5037
청송군	isPartOf	성덕댐로	x	0.4577
한국	isPartOf	천경자	x	0.4601
조선민주주의인민공화국	leader	성혜랑	o	0.5033
에픽하이	occupation	저널리스트	o	0.481
손흥민	league	프리미어리그	x	0.4214
신한국당	leader	김대중	o	0.5009
천경자	isPartOf	한국	o	0.4998
성덕댐로	country	대한민국	o	0.5032
축구	position	공격수	o	0.5037
축구	isPartOf	손흥민	o	0.4707
등_(식물)	country	타이	o	0.5038
박한철	position	헌법재판소	o	0.5037
소래산	isPartOf	인천광역시	o	0.536
영어	country	일본	o	0.5037
대통령	occupation	군인	o	0.5037
신도시	isPartOf	스포츠동아	o	0.5054
박근혜	position	대통령	o	0.5037
반줄	isPartOf	세레쿤다	x	0.4499
경향신문	country	대한민국	o	0.5033
현대_싼타페	isPartOf	경기도	x	0.1332
김여정	position	대한민국의_대통령경호실장	o	0.5037
플로리다_주	occupation	기자_(직업)	x	0.4449
수상	language	영어	o	0.5037
대한민국	genre	팝_록	o	0.5037
세종로	routeEnd	서울특별시	o	0.4831
서울특별시장	predecessor	세월호	o	0.5037
기독교	deathPlace	아르메니아	o	0.5037
선수	team	두산_베어스	x	0.3032
조선민주주의인민공화국_국방위원회	deathPlace	쿠알라룸푸르	x	0.4571
조용필	occupation	기자_(직업)	x	0.4237
노벨_물리학상	knownFor	핵무기	x	0.4271
손명순	position	대표	o	0.5037
대표	successor	세월호	o	0.5037
백작	isPartOf	프리울리	x	0.4398
달	country	일본	o	0.5037
커피	isPartOf	코카콜라	x	0.3742
에스페란토	country	헝가리	o	0.5037
한화_이글스	position	포수	o	0.5037
연천군	isPartOf	경기도	x	0.2441
토트넘_홋스퍼_FC	position	공격수	o	0.5037
손흥민	position	축구	o	0.5037
이원_(1962년)	isPartOf	경기도	x	0.1499
대표	location	여의도	o	0.5037
기독교	predecessor	한국	o	0.5037
노무현	position	총재	o	0.5037
지하철	location	종로구	o	0.4804
조선_선조	position	왕세자	o	0.5037
세종특별자치시	isPartOf	충청남도	x	0.2879
마해영	position	임창용	o	0.5037
삼성_라이온즈	isPartOf	대구광역시	o	0.4916
삼성바이오에피스	isPartOf	이사_(법인)	o	0.5037
시리얼	isPartOf	농심켈로그	o	0.5038
투수	occupation	선수	o	0.5037
대구광역시	isPartOf	달성군	x	0.4263
경기도	isPartOf	성균관대학교	o	0.4932
미술	occupation	작가	x	0.2543
새누리당	location	전라남도	o	0.4943
대한민국_국회	location	독일	x	0.3666
섬진강	order	개구리목	x	0.4655
공산주의	country	쿠바	o	0.5083
박찬욱	occupation	배우	x	0.4425
이사_(법인)	isPartOf	삼성바이오에피스	x	0.4529
동_(행정_구역)	isPartOf	서울특별시	o	0.4803
류현진	position	자유계약선수제도	x	0.4979
투수	team	한화_이글스	x	0.0403
민주사회주의	country	세르비아	o	0.5037
서울천동초등학교	isPartOf	강동구	x	0.3965
코엑스	isPartOf	태진아	o	0.4819
대통령	country	프랑스	x	0.4857
아산시	isPartOf	소정면	x	0.2964
미국	occupation	기자_(직업)	x	0.4604
브라질	occupation	정치가	o	0.5037
퀸시_역_(암트랙)	largestCity	시카고	o	0.5044
성덕댐로	isPartOf	안덕면_(서귀포시)	o	0.4879
쿠알라룸푸르	successor	김정일	x	0.4053
현대홈쇼핑	location	송파구	x	0.0573
아오모리_현	isPartOf	세이칸_터널	o	0.5043
에스페란토	country	불가리아	x	0.4741
곤여만국전도	genre	학문	o	0.5037
프랑스	position	미드필더	o	0.5037
대법원	type	컴퓨터	o	0.5037
공격수	country	독일	o	0.5037
고리치아	isPartOf	프리울리	x	0.4409
슬로보단_밀로셰비치	country	네덜란드	o	0.5098
천안시	isPartOf	위례산	o	0.4949
강레오	occupation	셰프	x	0.2966
김원봉	position	임시_정부	o	0.5037
에픽하이	country	미국	o	0.5058
강남구	type	신도시	o	0.5037
컬링	location	토론토	x	0.4563
대구광역시	team	삼성_라이온즈	x	0.2098
프랑스어	country	세이셸	o	0.5167
로마	isPartOf	세계농아인연맹	o	0.5038
서울종합운동장_야구장	isPartOf	최순실	x	0.4555
아랍어	isPartOf	라바트	o	0.4828
포수	team	두산_베어스	x	0.2997
송파구	isPartOf	현대홈쇼핑	o	0.5059
중국	leader	저우언라이	x	0.489
더불어민주당	isPartOf	세월호	o	0.4791
쾰른_대성당	location	빌뉴스	x	0.368
대통령	religion	불교	o	0.5036
북구_(포항시)	isPartOf	화원고등학교_(대구)	x	0.4629
자그레브	location	소피아	x	0.3795
이기택	position	러시아의_대통령	o	0.5037
셀추크	position	미드필더	o	0.5037
강경화	position	외무부	x	0.4591
성균관대학교	type	지하철	o	0.5037
세터_(배구)	isPartOf	김호철	x	0.0945
정세균	position	대한민국_국회	o	0.5037
아나돌루_에페스	country	터키	o	0.5037
김여정	position	부통령	o	0.5037
대한민국_관세청	isPartOf	러시아의_대통령	o	0.5389
북유럽	country	에스토니아	o	0.5037
김대중	party	신한국당	o	0.5037
쿠알라룸푸르	country	조선민주주의인민공화국	o	0.5037
달성군	isPartOf	북구_(포항시)	o	0.4994
스웨덴어	position	축구_선수	o	0.5037
대표	party	더불어민주당	o	0.5037
진도_(섬)	position	서울특별시장	x	0.4555
프랑스	language	에스페란토	x	0.4785
베이루트	isPartOf	로스앤젤레스	o	0.4981
배우	occupation	영화_감독	o	0.5037
김정일	occupation	영화배우	o	0.5037
동구_(대구광역시)	isPartOf	노무현	x	0.4564
노무현	predecessor	부산광역시	o	0.5037
강경화	party	국민의당	o	0.5037
루키우스_안나이우스_세네카	country	캐나다	o	0.5037
셰프	occupation	모델_(직업)	o	0.5037
네덜란드	position	공격수	o	0.5037
충청남도	isPartOf	태조산	x	0.4547
대한민국_국회	location	청와대	o	0.5037
이명박	position	대통령	o	0.5037
사회학	type	중앙일보	x	0.493
데브레첸	predecessor	석현준	o	0.5037
서울종합운동장_야구장	isPartOf	서울특별시	o	0.4897
한화_이글스	position	투수	o	0.5037
독일	position	미드필더	o	0.5037
삼성_애니콜	occupation	작곡가	o	0.5037
프랑스어	isPartOf	지로나	x	0.4064
아웃사이더_(가수)	occupation	작가	x	0.1397
대한제국_고종	title	한국	x	0.4208
송파구	isPartOf	경기도	x	0.2106
성거읍	isPartOf	태조산	o	0.5065
레바논	leader	세르지_탄키안	o	0.5036
셀윈_구	country	뉴질랜드	x	0.1974
동구_(대구광역시)	isPartOf	의회_의원	o	0.5039
경기도	isPartOf	부발읍	x	0.4451
경상북도	isPartOf	성덕댐로	o	0.4729
시장	isPartOf	단국대학교	o	0.5037
사도	religion	기독교	o	0.5037
대한민국	leader	김호철	x	0.4117
일본	location	달	o	0.4721
노무현	position	의회_의원	o	0.5037
양천구	isPartOf	목동	o	0.4979
퀸시	country	미국	o	0.5037
현대문학	occupation	작가	x	0.2204
공격수	country	네덜란드	o	0.51
K리그_클래식	position	공격수	o	0.5037
부산광역시	isPartOf	거제시	o	0.5056
경기도	isPartOf	성균관대역	o	0.5042
민주사회주의	language	세르비아어	o	0.504
박원순	location	전라남도	o	0.5037
하동군	isPartOf	두꺼비	o	0.5037
전라남도	position	의회_의원	o	0.5037
북구_(포항시)	isPartOf	달성군	x	0.441
조선민주주의인민공화국	location	평창군	x	0.429
최지만	occupation	선수	o	0.5037
한국GM	isPartOf	추미애	x	0.0238
종로구	isPartOf	홍은동	o	0.5065
공격수	position	송만덕	o	0.5037
성균관	isPartOf	성균관대학교	o	0.5056
지하철	isPartOf	성균관대학교	o	0.5036
분당구	isPartOf	송파구	x	0.2558
강원_FC	country	일본	o	0.5037
세월호	successor	박원순	x	0.4355
영어	country	타이	o	0.5038
천안시	isPartOf	흑성산	o	0.5001
토론토	isPartOf	컬링	x	0
회장	keyPerson	이사_(법인)	o	0.5037
조지아_(국가)	religion	기독교	o	0.5037
고등학교	isPartOf	박현선	o	0.4662
러시아의_대통령	position	롯데_자이언츠	o	0.5037
흑성산	isPartOf	충청남도	x	0.3294
안락동	isPartOf	온천천	o	0.5007
소노기_역	country	일본	o	0.5037
미드필더	language	프랑스어	o	0.5058
시흥시	isPartOf	소래산	x	0.4648
조선로동당_중앙위원회	leader	마이크_펜스	o	0.5036
리우데자네이루	country	캐나다	o	0.5037
김사니	isPartOf	세터_(배구)	o	0.4875
에페소스	location	셀추크	x	0.3347
쿠알라룸푸르	party	노동당_(영국)	o	0.5037
알스벤스칸	position	축구_선수	o	0.5037
작가	genre	현대문학	x	0.3649
세타트	isPartOf	마라케시	x	0.4011
공산주의	country	불가리아	x	0.4576
장지동	isPartOf	성남시	o	0.5044
미네소타_주	isPartOf	박병호_(1986년)	o	0.507
박병호_(1986년)	occupation	기자_(직업)	x	0.4321
가야금	country	일본	o	0.5037
독일	position	공격수	o	0.5037
원내대표	successor	세월호	o	0.5037
셀추크	isPartOf	에페소스	o	0.4809
남구_(울산광역시)	isPartOf	떡	x	0.3503
서대문구	isPartOf	종로구	o	0.4794
장안구	isPartOf	성균관대역	o	0.5043
축구_선수	position	미드필더	o	0.5037
문재인	country	프랑스	x	0.495
통일민주당	position	의회_의원	o	0.5037
북구_(포항시)	isPartOf	대구광역시	o	0.4746
김여정	education	일본	x	0.4232
미국	leader	임종석	o	0.5036
손나은	isPartOf	런닝맨	x	0.4153
오스트로네시아어족	languageFamily	차모로어	o	0.5037
베이루트	country	미국	o	0.5036
대한민국의_공정거래위원회_위원장	title	2018년_동계_올림픽	x	0.2852
오스트로네시아어족	languageFamily	사모아어	o	0.5037
에스페란토	location	불로뉴쉬르메르	x	0.396
분당구	isPartOf	장지동	o	0.474
로스앤젤레스	isPartOf	베이루트	o	0.4796
신태용	occupation	영화_감독	o	0.497
총리	successor	최고인민회의	x	0.4277
박원순	location	경기도	x	0.4426
김여정	position	총리	o	0.5037
런닝맨	occupation	배우	o	0.4838
공격수	position	지로나	o	0.5037
박원순	successor	세월호	o	0.5037
가창면	isPartOf	북구_(포항시)	o	0.4886
야코블레프	country	러시아	o	0.5037
충청남도	isPartOf	위례산	o	0.5064
롯데_자이언츠	position	강성우	o	0.715
할리우드	isPartOf	뉴욕	o	0.5022
페니_위드모어	country	영국	o	0.5037
패션_디자인	deathPlace	유럽	o	0.5037
사장	title	스포츠조선	x	0.4471
시내버스	isPartOf	북구_(포항시)	o	0.4958
정몽근	position	현대백화점그룹	o	0.5037
검단동_(인천)	isPartOf	시내버스	x	0.4426
백작	country	이탈리아	o	0.5037
서초구	isPartOf	신도시	o	0.502
조선_선조	successor	북인	x	0.3178
대한제국_고종	isPartOf	통제영학당	o	0.5045
공화당_(미국)	leader	도널드_트럼프	o	0.5036
동남구	isPartOf	위례산	o	0.5006
종로구	isPartOf	혜화역	o	0.4824
불곡산_(양주)	isPartOf	광주시_(경기도)	o	0.5073
옥자	country	미국	o	0.5037
리엔츠	country	이탈리아	o	0.5037
서상목	occupation	변호사	x	0.3392
의회_의원	location	전라남도	o	0.5037
강남구	isPartOf	용인시	x	0.4228
대학	occupation	교수	x	0.3929
한국	leader	최지만	x	0.3067
마해영	position	투수	o	0.5037
가곡	genre	가야금	o	0.5037
세바스티안_에릭손	position	알스벤스칸	o	0.5037
유엔	leader	문	o	0.5034
농심켈로그	occupation	모델_(직업)	o	0.5037
에이스	isPartOf	한국	o	0.5086
노동당_(영국)	leader	김정일	o	0.5033
대표	location	서울특별시	o	0.5037
크리스털_팰리스_FC	position	미드필더	o	0.5037
동남구	isPartOf	흑성산	o	0.5046
정치가	country	브라질	o	0.5037
토론토_블루제이스	title	최지만	x	0
정몽준	location	전라남도	o	0.5037
대한민국	isPartOf	성시경	o	0.5045
사업	type	지하철	o	0.5037
에픽하이	location	아시아	o	0.5037
충청남도	isPartOf	흑성산	o	0.5054
종로구	isPartOf	지하철	o	0.5043
부퍼탈	position	미드필더	o	0.5037
경상남도	isPartOf	두꺼비	o	0.4923
성재기_(활동가)	occupation	교수	x	0.4109
공산주의	deathPlace	일본	x	0.4634
조희대	position	러시아의_대통령	o	0.5037
의회_의원	predecessor	부산광역시	o	0.5037
한국	leader	더스틴_니퍼트	o	0.5036
마이크_펜스	position	대한민국의_공정거래위원회_위원장	o	0.5051
자그레브	country	쿠바	o	0.5079
피겨_스케이팅	title	동계_올림픽	x	0.427
스퀘어_(일본의_기업)	isPartOf	옥자	o	0.5037
세월호	party	더불어민주당	o	0.5037
서울종합운동장_야구장	isPartOf	회장	o	0.5048
김연아	country	러시아	o	0.5037
북면_(인제군)	isPartOf	흑성산	o	0.5045
카번데일	country	미국	o	0.5037
러시아	leader	아나스타스_미코얀	o	0.5034
조선민주주의인민공화국_국방위원회	country	말레이시아	o	0.5062
아사다_마오	position	김연아	o	0.5044
서초구	isPartOf	정부	x	0.2904
심판_(스포츠)	type	컴퓨터	o	0.5037
이원_(1962년)	isPartOf	성균관대학교	o	0.5058
나고야_시	country	미국	o	0.5037
롯데_자이언츠	isPartOf	서울특별시	o	0.4806
외국인	team	한화_이글스	x	0.1949
대한민국_관세청	isPartOf	최순실	x	0.4452
유고슬라비아	country	폴란드	o	0.5037
독일	leader	추미애	o	0.5168
샤를빌메지에르	country	프랑스	o	0.5036
송파구	isPartOf	분당구	o	0.4859
강화도	position	통제영학당	o	0.5037
셀윈_구	isPartOf	남섬	o	0.4707
왼손잡이	position	공격수	o	0.5037
대한민국	isPartOf	성공회대학교	o	0.5051
김영남	position	총리	o	0.5037
신월동_(서울)	isPartOf	목동	o	0.4867
상트페테르부르크	isPartOf	김연아	o	0.5114
박근혜	predecessor	이기택	o	0.5037
대한민국의_공정거래위원회_위원장	position	총리	o	0.5037
문	position	장관	o	0.5009
종로구	isPartOf	혜화동	x	0.4615
한국	team	뉴욕_양키스	x	0.3006
선수	position	투수	o	0.5037
베이징_시	state	자그레브	x	0.1666
대한민국_관세청	isPartOf	회장	o	0.5049
영화	occupation	영화_감독	o	0.4896
교량	country	헝가리	x	0.4488
대통령	country	유엔	o	0.5037
조선	isPartOf	성혜림	o	0.505
지로나	position	공격수	o	0.5037
영국	isPartOf	로스트	o	0.4945
음악	related	소년소녀_가요백서	o	0.5037
조희대	predecessor	박근혜	o	0.5037
솔로몬	position	바빌로니아	o	0.5037
소설	genre	현대문학	x	0.374
경덕왕	predecessor	성덕왕	o	0.5037
런닝맨	related	에이핑크	x	0.4133
판교신도시	isPartOf	분당신도시	o	0.4887
대한민국의_공정거래위원회_위원장	title	동계_올림픽	x	0.4153
토론토	position	야구_코치	o	0.5111
K리그_클래식	league	프리미어리그	x	0.4197
투수	position	마해영	o	0.5037
세이칸_터널	isPartOf	홋카이도	o	0.5043
통제영학당	position	강화도	x	0.4998
한국	leader	이대원_(배우)	o	0.5037
이영애	occupation	영화_감독	o	0.5037
부산광역시	isPartOf	망미역	x	0.432
영국	leader	소냐_왈거	o	0.5037
정보기술	type	회장	o	0.5037
뉴욕	isPartOf	옥자	o	0.5037
토트넘_홋스퍼_FC	league	K리그_클래식	o	0.4789
세르지_탄키안	country	미국	o	0.5037
지하철	isPartOf	성균관	x	0.4399
북구_(포항시)	isPartOf	가창면	o	0.4978
세르비아인	religion	세르비아_정교회	o	0.5037
시카고	isPartOf	카번데일	o	0.4829
대한민국	channel	문화방송	o	0.5037
동래구	isPartOf	안락동	o	0.5045
유엔_교육_과학_문화_기구	location	빌뉴스	x	0.4293
강경화	position	장관	o	0.5016
대한민국_관세청	isPartOf	박근혜	o	0.5063
한국	position	투수	o	0.5037
최고인민회의	leader	마이크_펜스	o	0.5036
아나돌루_에페스	country	카자흐스탄	o	0.505
달	country	스페인	o	0.5037
러시아의_대통령	position	이기택	o	0.5037
광진구	isPartOf	커피	o	0.4782
빌뉴스	isPartOf	유엔_교육_과학_문화_기구	o	0.4938
다윗	position	바빌로니아	o	0.5037
서울특별시	isPartOf	경향신문	o	0.5032
조선민주주의인민공화국	leader	성혜림	o	0.5037
대학	occupation	배우	x	0.4378
아바코_제도	language	영어	o	0.5037
이완구	successor	세월호	o	0.5037
이기택	predecessor	박근혜	o	0.5037
두산_베어스	position	내야수	o	0.5037
이정미	position	대한민국의_대통령	x	0.4996
김여정	party	조선로동당	o	0.5037
노무현	predecessor	김영삼	o	0.5037
이대원_(배우)	isPartOf	한국	o	0.4952
온천천	isPartOf	안락동	o	0.504
대통령	battle	보스니아_전쟁	x	0.4361
전라남도	position	서울특별시장	x	0.4577
강화도	type	해군	o	0.5037
영화	country	미국	o	0.5037
한국철도공사	routeEnd	정자역	o	0.4772
공격수	league	K리그_클래식	o	0.5247
박열	occupation	영화_감독	o	0.5037
넥센_히어로즈	isPartOf	SK_와이번스	o	0.4987
서울특별시	isPartOf	조용필	x	0.4557
햄프스티드	isPartOf	미국인	o	0.471
성공회대학교	type	신문	o	0.5037
대구광역시	position	투수	o	0.5037
에스페란토	deathPlace	자그레브	o	0.5037
아웃사이더_(가수)	genre	미술	x	0.4063
롯데그룹	keyPerson	이사_(법인)	o	0.5037
K리그_클래식	team	토트넘_홋스퍼_FC	x	0.3099
동구_(대구광역시)	party	통일민주당	o	0.5037
가창면	isPartOf	시내버스	x	0.4547
한국	country	일본	o	0.5037
미국	leader	마스카와_도시히데	o	0.5002
대통령	country	칠레	o	0.5037
스타벅스	location	이탈리아	x	0.4615
오스트로네시아어족	languageFamily	테툼어	o	0.5037
서울종합운동장_야구장	isPartOf	러시아의_대통령	o	0.5429
대한민국_국회	party	조선로동당	o	0.5037
이완구	isPartOf	세월호	x	0.4648
성균관대학교	isPartOf	성균관	x	0.4535
베이징_시	location	자그레브	x	0.442
최순실	position	삼성그룹	x	0.4966
외국인	team	두산_베어스	x	0.3054
새누리당	successor	세월호	o	0.5037
김연아	country	일본	o	0.5037
장관	predecessor	문	o	0.5037
백작	isPartOf	리엔츠	o	0.4952
대한민국_국회	isPartOf	국민연금공단	o	0.5061
사회학	country	대한민국	o	0.5031
송파구	isPartOf	판교신도시	x	0.3562
잉글랜드	position	공격수	o	0.5037
일본	isPartOf	성선임	o	0.4833
강남구	isPartOf	성수대교	o	0.4779
청도군	isPartOf	매전면	x	0.4626
진도_(섬)	party	새누리당	x	0.4309
더스틴_니퍼트	occupation	선수	o	0.5037
임창용	occupation	선수	o	0.5037
서북구	isPartOf	흑성산	o	0.5046
에스페란토	location	자그레브	x	0.4249
한국	leader	버락_오바마	o	0.5035
루키우스_안나이우스_세네카	isPartOf	온타리오_주	x	0.4245
러시아	leader	김연아	o	0.5035
이병철	education	숙명여자대학교	o	0.5037
장관	country	유엔	o	0.5037
러시아의_대통령	predecessor	이기택	o	0.5037
더불어민주당	successor	세월호	o	0.5037
가미이소_군	isPartOf	세이칸_터널	o	0.4929
판사	position	대한민국의_대통령	o	0.5025
로스앤젤레스	country	레바논	o	0.5037
투수	occupation	영화_감독	o	0.5037
에스페란토	country	쿠바	o	0.5068
평창군	title	동계_올림픽	x	0.4206
대한민국_관세청	isPartOf	롯데_자이언츠	x	0.4322
고등동_(성남시)	isPartOf	성남시	o	0.5041
로스앤젤레스	isPartOf	세르지_탄키안	x	0.4363
슬로보단_밀로셰비치	position	헤이그	o	0.5037
지구	isPartOf	교량	o	0.4846
강동구	isPartOf	서울천동초등학교	x	0.4321
대한민국_국회	isPartOf	추미애	x	0.021
기자_(직업)	position	대표	o	0.5037
리엔츠	isPartOf	프리울리	x	0.4521
용산구	isPartOf	조용필	o	0.465
에이핑크	related	런닝맨	o	0.5038
에스페란토	country	프랑스	o	0.5037
서북구	isPartOf	위례산	o	0.5053
브래드_피트	isPartOf	옥자	o	0.5037
한국철도공사	location	서울특별시	o	0.5037
김정일	position	대한민국의_공정거래위원회_위원장	o	0.5047
새누리당	predecessor	세월호	x	0.4688
대구광역시	isPartOf	화원고등학교_(대구)	x	0.448
노벨_물리학상	country	미국	o	0.5037
김여정	position	대한민국의_공정거래위원회_위원장	o	0.5052
이원_(1962년)	isPartOf	수원시	o	0.4938
갈라타사라이_SK_(축구)	language	터키어	o	0.5012
문	country	유엔	o	0.5037
에스토니아어	languageFamily	핀란드어	o	0.5037
차승원	isPartOf	주연_(동오)	o	0.4661
조양호	position	한진그룹	o	0.5037
월마트	location	뉴욕	x	0.3354
목동	isPartOf	신월동_(서울)	x	0.4256
성재기_(활동가)	education	서울대학교	x	0.3543
분당구	isPartOf	서울특별시	x	0.4558
참이슬	isPartOf	하이트진로	x	0.4044
박주선	position	대한민국의_국회의장	o	0.5037
대통령	battle	코소보_전쟁	o	0.5037
서북구	isPartOf	태조산	o	0.4953
우원식	position	한국GM	o	0.5037
칠레	leader	세바스티안_피녜라	o	0.5036
한국	country	영국	o	0.5037
두산_베어스	position	포수	o	0.5037
성공회대학교	isPartOf	중앙일보	x	0.3635
조희대	type	컴퓨터	o	0.5037
갈라타사라이_SK_(축구)	position	미드필더	o	0.5037
로스앤젤레스_다저스	isPartOf	류현진	x	0.4295
청도읍	isPartOf	매전면	x	0.4495
버락_오바마	country	일본	o	0.5037
안락동	isPartOf	동래구	x	0.4573
등_(식물)	language	영어	o	0.5037
손흥민	league	K리그_클래식	o	0.5233
두꺼비	isPartOf	하이트진로	x	0.4228
신당	leader	박주선	x	0
중화민국	isPartOf	캠프모바일	o	0.5038
전라남도	isPartOf	세지중학교	x	0.453
신문	isPartOf	성공회대학교	o	0.5048
소냐_왈거	isPartOf	페니_위드모어	x	0.432
조선_광해군	deathPlace	조선_선조	o	0.5037
시카고	largestCity	퀸시_역_(암트랙)	o	0.4994
기자_(직업)	occupation	용산구	o	0.4975
대한민국	leader	대한민국_농림수산식품부	o	0.5034
체코	capital	프라하_성	x	0.3218
세터_(배구)	largestCity	신영철_(배구인)	o	0.5037
바르나	country	유고슬라비아	o	0.5037
서상목	primeMinister	이회창	o	0.5037
김연아	country	아사다_마오	o	0.5037
맨해튼	location	도널드_트럼프	o	0.4944
포수	team	임수혁	x	0.3343
말레이시아	country	등_(식물)	o	0.5062
대통령	capital	파리_(프랑스)	o	0.5037
이탈리아	owner	스타벅스	o	0.5037
시인	relative	윤선도	x	0.4416
이탈리아	capital	고리치아	o	0.4974
세월호	party	박영선	x	0.3545
공산주의	capital	바르샤바	x	0.457
이재용_(기업인)	occupation	사업	x	0
바르나	country	공산주의	o	0.5037
신라	capital	성덕왕	x	0.0711
2018년_동계_올림픽	publisher	대한민국_국회	x	0.4648
투수	country	한국	o	0.5044
기독교	occupation	사도	o	0.4964
부산광역시	party	의회_의원	o	0.5037
프랑스어	languageFamily	세이셸_크리올	o	0.5037
최순실	occupation	회장	o	0.4989
코카콜라	product	커피	x	0.3322
더불어민주당	party	대표	o	0.5037
유승민_(정치인)	primeMinister	정세균	o	0.5037
군인	occupation	대통령	x	0.4357
대한민국_국회	primeMinister	박주선	o	0.5037
창녕군	routeEnd	성혜림	x	0.4675
소설	country	한국	o	0.5047
중국	capital	공산주의	x	0.4527
김교신	religion	한국	o	0.5037
대한민국	capital	성덕댐로	x	0.4146
불가리아	capital	유고슬라비아	x	0.4121
고리치아	country	백작	o	0.5104
대한민국_국회	party	대한민국의_대통령경호실장	o	0.5037
보스니아_전쟁	commander	대통령	o	0.5037
전라남도	commander	정몽준	o	0.4922
성_비토_대성당	location	프라하_성	o	0.493
두산_베어스	affiliation	외국인	x	0.2514
일본	commander	공산주의	o	0.5037
기독교	largestCity	조지아_(국가)	o	0.5037
부퍼탈	country	축구_선수	o	0.5037
토론토	country	루키우스_안나이우스_세네카	o	0.512
SK_와이번스	director	염경엽	x	0.4225
모델_(직업)	product	셰프	x	0.3976
한국	country	대통령	o	0.5037
공산주의	capital	베이징_시	o	0.4767
뮌헨	largestCity	위구르족	o	0.5037
명나라	capital	곤여만국전도	o	0.4819
부다페스트	country	헝가리어	o	0.5037
일본	capital	김연아	x	0.3641
정부	capital	서울특별시	o	0.5037
정치가	country	미셰우_테메르	o	0.5008
여의도	location	대표	o	0.5037
통일민주당	party	동구_(대구광역시)	o	0.5037
정부	product	항공기	x	0
대서양	location	오대호	o	0.5037
조선로동당	party	2018년_동계_올림픽	o	0.5037
이탈리아	capital	리엔츠	x	0.2786
정세균	primeMinister	박주선	o	0.5037
해군	commander	코렐	o	0.5037
영국	capital	햄프스티드	x	0.4492
황진이	occupation	사대부	x	0.4201
사장	affiliation	포스코에너지	x	0.3566
감비아	capital	세레쿤다	x	0.4091
영국	capital	강화도	x	0.4243
이회창	primeMinister	김대중	o	0.5037
전_(불교)	party	우원식	o	0.5037
대한민국	leader	신영철_(배구인)	o	0.5036
한국	capital	런던	x	0.435
외무부	leader	강경화	o	0.5037
갈라타사라이_SK_(축구)	largestCity	셀추크	o	0.5113
일본	capital	상트페테르부르크	x	0.4499
네팔	capital	히말라야_산맥	x	0.3853
영화	largestCity	브래드_피트	o	0.5037
마라케시	country	아랍어	o	0.5037
퀸시	largestCity	유니언_역_(시카고)	o	0.5042
서울특별시	routeEnd	한국철도공사	o	0.5037
이준익	commander	박열	o	0.5037
사대부	parent	황진이	o	0.5037
전라남도	president	정몽준	x	0
불교	occupation	대통령	x	0.4382
유고슬라비아	capital	소피아	x	0.4309
우원식	religion	전_(불교)	o	0.5036
배우	occupation	친절한_금자씨	o	0.5037
셀추크	largestCity	갈라타사라이_SK_(축구)	o	0.5062
변호사	occupation	의원	x	0.4678
4성_장군	deathPlace	산소	o	0.5037
뉴욕	location	도널드_트럼프	o	0.4902
일본	capital	경복궁	x	0.3981
조선민주주의인민공화국	capital	한반도	o	0.4747
소피아	country	공산주의	o	0.5037
대한제국_고종	country	대한민국_해군사관학교	o	0.5037
코엑스	location	가수	x	0.3538
스포츠동아	largestCity	덴마크_축구_국가대표팀	x	0.434
대한민국_해군사관학교	country	대한제국_고종	o	0.5037
생명공학기술	developer	마이크로소프트	x	0.3703
미국	product	커피	x	0.3938
영창대군	occupation	왕비	x	0.3835
아르메니아	occupation	사도	o	0.4796
변호사	relative	서상목	x	0.4851
문화청_미디어_예술제	location	국립신미술관	x	0.4501
소호_(맨해튼)	location	도널드_트럼프	o	0.4825
스웨덴어	largestCity	IFK_예테보리	x	0.4135
스위스	leader	장관	o	0.5034
쿠바	capital	유고슬라비아	x	0.3816
말레이시아	leader	조선민주주의인민공화국_국방위원회	o	0.5006
네팔	leader	4성_장군	o	0.5037
총재	primeMinister	노무현	x	0.3373
조선_선조	child	영창대군	o	0.5037
의회_의원	president	노무현	o	0.4845
SK_와이번스	affiliation	수번뇌	x	0.4837
육영수	occupation	대통령	x	0.4244
한화_이글스	largestCity	외국인	o	0.5037
이스라엘	commander	예수	o	0.5037
하이트진로	product	두꺼비	x	0
의원	primeMinister	이회창	o	0.5037
아시아	division	에픽하이	o	0.5145
노동당_(영국)	leader	조선민주주의인민공화국_국방위원회	x	0.4825
경덕왕	spouse	성주_배씨	x	0.1492
서울종합운동장_야구장	tenant	박근혜	o	0.5037
헌법재판소	primeMinister	박한철	o	0.5037
공산주의	capital	자그레브	x	0.4231
왕비	spouse	조선_선조	x	0.325
대한민국의_대통령경호실장	party	대한민국의_공정거래위원회_위원장	o	0.5037
진도_(섬)	commander	정몽준	o	0.4955
퀸시_역_(암트랙)	largestCity	일리노이_주	o	0.5039
조선로동당	headquarter	대한민국_국회	x	0.2298
현대삼호중공업	routeEnd	현대중공업	o	0.4984
알스벤스칸	country	세바스티안_에릭손	o	0.5037
현대중공업	routeEnd	현대삼호중공업	x	0.4466
유고슬라비아	capital	바르샤바	x	0.4365
중국	capital	유고슬라비아	x	0.3985
기자_(직업)	occupation	대통령	x	0.4625
서울특별시	location	대표	o	0.5037
의회_의원	party	동구_(대구광역시)	o	0.5037
대한민국_축구_국가대표팀	team	세미흐_카야	x	0.131
에스페란토	capital	부다페스트	o	0.5037
자동차	product	메르세데스-벤츠_S_클래스	x	0.1918
YG_엔터테인먼트	spouse	타블로	x	0.3769
터키	leader	아나돌루_에페스	o	0.5035
에스페란토	capital	아바나	o	0.4974
헝가리	capital	유고슬라비아	x	0.395
세르비아	country	아나돌루_에페스	o	0.5042
유고슬라비아	country	중국	o	0.5037
공산주의	capital	소피아	x	0.454
플로리다_주	capital	박병호_(1986년)	x	0.3845
사대부	commander	황진이	x	0.2494
신분당선	routeEnd	전기_동력분산식_열차	o	0.5037
베이징_시	country	유고슬라비아	o	0.5043
불로뉴쉬르메르	country	에스페란토	o	0.5046
의인왕후	child	왕세자	o	0.5081
리투아니아	capital	쾰른_대성당	x	0.4501
영창대군	party	북인	x	0.4081
국민의당	leader	강경화	o	0.5036
저널리스트	occupation	에픽하이	o	0.5024
공산주의	capital	베오그라드	x	0.4549
유고슬라비아	country	에스페란토	o	0.5042
자그레브	country	공산주의	o	0.5037
헝가리	capital	공산주의	x	0.4522
카번데일	largestCity	유니언_역_(시카고)	o	0.5046
영국	country	한국	o	0.5046
영국	language	페니_위드모어	o	0.5049
숙명여자대학교	keyPerson	정주영	o	0.5037
캐나다	capital	리우데자네이루	o	0.485
한반도	phylum	곤충	x	0.2153
이탈리아	country	백작	o	0.5102
엠넷	channel	소년소녀_가요백서	o	0.5037
스페인	capital	구엘_공원	o	0.5037
일리노이_주	largestCity	유니언_역_(시카고)	o	0.5037
배우	director	박찬욱	o	0.5037
미드필더	country	세이두_케이타	o	0.5271
갈라타사라이_SK	largestCity	셀추크	o	0.5122
공산주의	country	중국	o	0.5037
생명공학기술	author	빌_게이츠	x	0
스웨덴	league	알스벤스칸	x	0.3098
브라질	capital	남반구	x	0.3003
한진그룹	location	비행사	x	0.4233
이회창	primeMinister	서상목	o	0.505
김대중	primeMinister	이회창	o	0.5037
독일	leader	이승우_(법조인)	x	0.3651
교황	capital	로마	x	0.038
강화도	religion	코렐	o	0.5037
영창대군	parent	의인왕후	o	0.5037
소련군	commander	대령	o	0.4885
투수	tenant	삼성_라이온즈	o	0.5037
에스페란토	country	유고슬라비아	o	0.5037
리투아니아	country	유엔_교육_과학_문화_기구	o	0.5037
일리노이_주	largestCity	퀸시	o	0.5037
통제영학당	country	대한제국_고종	o	0.5037
미드필더	league	축구_선수	x	0.4525
두산_베어스	country	한국	o	0.5042
손나은	occupation	런닝맨	x	0.3882
중국	capital	자그레브	x	0.4025
이르티시_강	country	카자흐어	o	0.5041
영화_감독	occupation	수번뇌	o	0.5037
성주_배씨	keyPerson	경덕왕	o	0.5037
폴란드	capital	유고슬라비아	x	0.3872
쿠바	capital	공산주의	x	0.4355
서울특별시	routeStart	태진아	o	0.5037
프랑스어	country	샤를빌메지에르	o	0.5037
축구_선수	league	알스벤스칸	x	0.3018
펑크_록	hometown	런던	x	0.3737
말레	ethnicGroup	군인	x	0.3071
구엘_공원	tenant	FC_바르셀로나	x	0.4918
청와대	primeMinister	박근혜	x	0.4686
조지아_(국가)	leader	아나돌루_에페스	o	0.5035
왕세자	child	영창대군	o	0.5037
헝가리	capital	교량	o	0.5037
스페인	capital	달	o	0.476
대한민국_국회	party	대한민국의_공정거래위원회_위원장	o	0.5037
불가리아	capital	공산주의	o	0.4655
정세균	party	유승민_(정치인)	o	0.5037
대표	spouse	손명순	x	0.3701
삼성_라이온즈	owner	임창용	o	0.5037
하이데라바드_(인도)	country	우르두어	o	0.5127
2018년_동계_올림픽	party	대한민국의_대통령경호실장	o	0.5037
세월호	party	대표	o	0.5037
이_(4상)	occupation	심판_(스포츠)	o	0.5037
이르티시_강	largestCity	세메이	o	0.5037
분당선	routeEnd	전기_동력분산식_열차	o	0.5037
베오그라드	country	에스페란토	o	0.5044
새정치국민회의	leader	러시아의_대통령	o	0.5035
강성우	team	임수혁	x	0.3247
대통령	headquarter	정부	x	0.1131
코렐	occupation	해군	o	0.5037
일본	capital	혼슈	x	0
퀸시_역_(암트랙)	largestCity	유니언_역_(시카고)	o	0.5045
미국	ethnicGroup	외국인	x	0.4077
뉴욕	largestCity	브래드_피트	o	0.5044
한국	capital	강화도	x	0.3815
프라하	country	성_비토_대성당	o	0.5037
스퀘어_(일본의_기업)	product	영화	x	0.284
라바트	country	아랍어	o	0.5037
헝가리	country	에스페란토	o	0.5049
대한민국_국회	location	오후	o	0.502
분당선	routeEnd	광교차량사업소	x	0.446
왕세자	deathPlace	조선_선조	o	0.5037
프랑스	leader	대통령	o	0.5035
대한민국_국회	child	김여정	o	0.53
유고슬라비아	capital	베이징_시	x	0.4562
한국GM	keyPerson	더불어민주당	o	0.5037
에스페란토	capital	바르샤바	o	0.5037
팝_록	artist	이승철	o	0.5037
새누리당	party	대통령	o	0.5037
일본	location	문화청_미디어_예술제	x	0.1285
더불어민주당	party	원내대표	o	0.5037
미국	largestCity	퀸시	x	0.4612
대한민국_보건복지부	country	의원	o	0.5037
일본	capital	규슈	x	0.4127
아랍어	largestCity	라바트	o	0.5037
대한민국_국회	party	2018년_동계_올림픽	o	0.5037
대한민국	channel	소년소녀_가요백서	o	0.5037
대한민국	channel	엠넷	o	0.5037
영화_감독	occupation	박열	x	0.4024
러시아	country	아나돌루_에페스	o	0.5046
아이폰	country	애플_(기업)	o	0.5037
영창대군	relative	류영경	x	0.3891
유럽	division	메르세데스-벤츠_S_클래스	o	0.5037
조선_선조	spouse	왕비	x	0.0934
성녀_니노	occupation	사도	o	0.5037
오대호	location	대서양	o	0.5
불가리아	country	에스페란토	o	0.5039
베이징_시	country	에스페란토	o	0.5039
부다페스트	country	유고슬라비아	o	0.5039
베오그라드	country	유고슬라비아	o	0.5039
기독교	religion	한국	o	0.5037
이회성	party	의원	o	0.5037
영창대군	deathPlace	왕세자	o	0.5037
삼성전자	product	사업	x	0.3204
더불어민주당	leader	우원식	x	0.4572
최고인민회의	primeMinister	강원_FC	x	0.4103
지구	country	헝가리어	o	0.5037
바르샤바	country	에스페란토	o	0.5037
세월호	party	이완구	o	0.5037
북인	relative	영창대군	x	0.4825
러시아의_대통령	capital	서울종합운동장_야구장	x	0.3571
신도시	parent	이용대	o	0.5037
스퀘어_(일본의_기업)	largestCity	할리우드	o	0.5037
대한민국_국회	location	대표	o	0.5037
애플_(기업)	product	스마트폰	x	0.4258
일리노이_주	largestCity	카번데일	o	0.5037
유니언_역_(시카고)	largestCity	퀸시	o	0.5037
프랑스	capital	샤를빌메지에르	o	0.4732
더불어민주당	headquarter	대한민국_국회	x	0.2707
카자흐스탄	country	아나돌루_에페스	o	0.505
한국	religion	김교신	o	0.5037
유럽	division	메르세데스-벤츠	x	0.3634
상트페테르부르크	country	아사다_마오	o	0.5037
대통령	primeMinister	이명박	o	0.5037
신분당선	routeEnd	광교차량사업소	x	0.4502
일본	capital	학문	o	0.4785
국립신미술관	location	문화청_미디어_예술제	x	0.364
수상	country	셰이크_하시나	o	0.5037
홋카이도	country	세이칸_터널	o	0.5039
베오그라드	country	공산주의	o	0.5037
부다페스트	country	공산주의	o	0.5037
코소보_전쟁	commander	대통령	o	0.5037
미드필더	largestCity	셀추크	o	0.5127
산소	deathPlace	한국인	o	0.5037
아바나	country	공산주의	o	0.5037
대한민국	leader	김사니	x	0.4731
부산광역시	president	노무현	o	0.491
에스페란토	largestCity	바르나	o	0.5037
런던	country	한국	o	0.5046
폴란드	capital	공산주의	x	0.4424
서울대학교	country	성재기_(활동가)	o	0.5037
가수	capital	서울특별시	o	0.4993
독일	product	스마트폰	x	0.3824
미국	largestCity	월마트	o	0.5037
미국	largestCity	알렉사_인터넷	o	0.5043
모로코	country	아랍어	o	0.5037
하노버	country	대사_(외교관)	o	0.5083
파리_(프랑스)	country	대통령	o	0.5037
일본	country	한국	o	0.5042
인공지능	developer	삼성전자	x	0.2138
미국	capital	파리_(프랑스)	o	0.5037
대한민국_국회	primeMinister	정세균	o	0.5037
유니언_역_(시카고)	largestCity	카번데일	o	0.5037
4성_장군	deathPlace	한국인	o	0.5037
부다페스트	country	교량	o	0.5037
숙명여자대학교	keyPerson	배상면	o	0.5037
정부	capital	신도시	o	0.5037
에스페란토	capital	베이징_시	o	0.5037
셀틱_FC	country	셀틱_파크	o	0.5037
이회성	primeMinister	서상목	o	0.5052
영화_감독	spouse	이영애	x	0.398
국민의당	leader	장관	o	0.5035
대한민국의_대통령경호실장	primeMinister	김정은	o	0.5037
세월호	primeMinister	김무성	o	0.5037
안효섭	occupation	런닝맨	x	0.3958
바둑	country	중국	o	0.5037
불교	spouse	박정희	x	0.0097
삼성전자	location	애플_(기업)	o	0.5037
아나돌루_에페스	largestCity	조지아_(국가)	o	0.5037
스웨덴어	league	알스벤스칸	x	0.2974
공산주의	capital	아바나	o	0.4948
강경화	occupation	대통령	x	0.44
한국인	deathPlace	4성_장군	o	0.5037
정치가	country	대통령	o	0.5037
미국	largestCity	영화	o	0.5037
미국	leader	조선로동당_중앙위원회	o	0.5036
바르나	country	에스페란토	o	0.5039
터키어	largestCity	갈라타사라이_SK_(축구)	o	0.5064
경기도	commander	이용대	o	0.5037
조선민주주의인민공화국	capital	쿠알라룸푸르	o	0.4732
미국	capital	베이루트	x	0.4175
대한민국의_공정거래위원회_위원장	headquarter	쿠알라룸푸르	x	0.372
유고슬라비아	capital	공산주의	x	0.4547
버락_오바마	developer	한국	x	0.386
베이징_시	country	공산주의	o	0.5037
이사_(법인)	keyPerson	신동빈	o	0.5037
성혜림	birthPlace	김일엽_(승려)	x	0.2884
대한민국	capital	매전면	x	0.1557
유고슬라비아	capital	바르나	x	0.4419
북유럽	country	에스토니아어	o	0.5056
미국	largestCity	카번데일	o	0.5037
음악	channel	엠넷	o	0.5037
K리그_클래식	team	손흥민	x	0.4572
대통령	affiliation	한국	x	0.4955
한화_이글스	director	신성현	x	0.2459
일본	primeMinister	김영남	o	0.5037
영화	largestCity	스퀘어_(일본의_기업)	o	0.5037
대령	country	소련군	o	0.5037
영화_감독	tenant	SK_와이번스	o	0.5029
프리울리	country	백작	o	0.5114
샤모니	country	1994년_동계_올림픽	x	0.4129
미국	largestCity	퀸시_역_(암트랙)	o	0.4978
2018년_동계_올림픽	child	김여정	o	0.5314
예수회	location	곤여만국전도	x	0.0349
공산주의	country	유고슬라비아	o	0.5039
대표	primeMinister	김대중	o	0.5037
타블로	spouse	YG_엔터테인먼트	x	0.3383
스마트폰	manufacturer	삼성전자	x	0.4017
킨텍스	division	현대자동차	o	0.5037
한국	primeMinister	천경자	o	0.5037
2018년_동계_올림픽	party	대한민국의_공정거래위원회_위원장	o	0.5037
청와대	country	대한민국_국회	o	0.507
자동차	division	메르세데스-벤츠	x	0.362
평창군	country	조선로동당	o	0.5069
청와대	party	박_(불교)	o	0.5037
삼성바이오로직스	commander	이사_(법인)	o	0.5037
대한민국의_국회의장	location	대한민국_국회	o	0.4945
곤여만국전도	producer	예수회	x	0.025
브라질	country	중국	o	0.5037
조선	capital	경복궁	x	0.3849
아랍어	languageFamily	라바트	o	0.5037
네덜란드	leader	이승우_(법조인)	x	0.3931
왕비	child	왕세자	o	0.5105
하이데라바드_(인도)	country	텔루구어	o	0.5197
류영경	relative	영창대군	x	0.4836
리엔츠	country	백작	o	0.512
독일	capital	여의도	x	0.303
기자_(직업)	occupation	박근혜	o	0.5037
소년소녀_가요백서	channel	CJ미디어	x	0.3428
소피아	country	유고슬라비아	o	0.5041
러시아	capital	아사다_마오	x	0.3209
대통령	primeMinister	박근혜	o	0.5037
에스페란토	country	공산주의	o	0.5037
캘리포니아_주	country	세르지_탄키안	o	0.5037
자그레브	country	유고슬라비아	o	0.5037
아바나	country	유고슬라비아	o	0.5038
곤여만국전도	author	마테오_리치	x	0.3532
이스탄불	country	아나돌루_에페스	o	0.5049
중국	deathPlace	총리	x	0.4541
마이크로소프트	product	생명공학기술	x	0.226
투수	team	이글스	x	0.3242
뉴질랜드	country	셀윈_구	o	0.5044
애플_(기업)	product	반도체	x	0.2434
중화인민공화국	country	중국	o	0.5037
삼성전자	product	반도체	x	0.2428
한화_이글스	team	알렉시_오간도	x	0.4551
몰도바	leader	아나돌루_에페스	o	0.5035
영국	routeEnd	로스트	x	0.4024
독일	country	FC_바르셀로나	o	0.5136
네팔	ethnicGroup	산소	x	0.4878
도나우_강	country	헝가리어	o	0.5037
독일	leader	대표	o	0.5033
대한민국의_공정거래위원회_위원장	party	대한민국의_대통령경호실장	o	0.5037
등_(식물)	country	동남아시아	o	0.5056
일본	capital	시부야	o	0.4764
삼성전자	product	스마트폰	x	0.4173
영화배우	spouse	김정일	x	0.4475
옥자	location	브래드_피트	x	0.4545
공산주의	capital	부다페스트	x	0.4599
세월호	primeMinister	안철수	x	0.384
한화_이글스	director	최재훈_(야구_선수)	x	0.4384
데브레첸	league	홈페이지	x	0.0236
원내대표	party	우원식	o	0.5037
대한민국_축구_국가대표팀	phylum	이용대	x	0.3563
LG전자	product	스마트폰	x	0.3793
바르샤바	country	유고슬라비아	o	0.5039
파리_(프랑스)	country	도널드_트럼프	x	0.4643
에스페란토	capital	베오그라드	o	0.5037
작곡가	subsequentWork	애니밴드	o	0.5037
조선민주주의인민공화국	largestCity	노동당_(영국)	x	0.4932
우상호	party	우원식	o	0.5037
소피아	country	에스페란토	o	0.5037
세월호	primeMinister	정몽준	x	0.0711
동남아시아	country	등_(식물)	o	0.5055
항공기	headquarter	러시아	x	0.2472
미국	leader	에픽하이	x	0.4381
조선로동당	party	대한민국의_대통령경호실장	o	0.5037
박주선	primeMinister	정세균	o	0.5037
미국	country	중국	o	0.5037
축구_선수	capital	부퍼탈	o	0.5067
배우	product	이윤택	x	0.3712
유럽	country	한국	o	0.5051
의인왕후	child	영창대군	o	0.5004
대구광역시	owner	임창용	o	0.5037
미국	country	대한민국의_대통령비서실장	o	0.5338
일본	capital	세미온센_역	o	0.5037
국민의당	leader	외무부	o	0.5036
일본	capital	소노기_역	o	0.4664
왕비	child	영창대군	o	0.5037
기자_(직업)	occupation	서울특별시	o	0.5037
솜보르	country	유대인	o	0.5044
정몽근	occupation	회장	o	0.5037
일본	country	강원_FC	o	0.5037
곤여만국전도	author	이지조	x	0.3641
한국인	deathPlace	산소	o	0.5037
일리노이_주	largestCity	퀸시_역_(암트랙)	o	0.5026
일본	leader	대통령	o	0.5034
외무부	restingPlace	유엔	o	0.4919
킨텍스	product	현대_싼타페	x	0
박주선	location	대한민국_국회	o	0.4942
버락_오바마	affiliation	한국	x	0.4897
세월호	party	원내대표	o	0.5037
자그레브	country	중국	o	0.5037
바르샤바	country	공산주의	o	0.5037
중국	capital	에스페란토	x	0.0714
에스페란토	capital	소피아	o	0.5061
미국	country	한국	o	0.5044
현대_싼타페	manufacturer	킨텍스	x	0.3214
조선민주주의인민공화국	largestCity	대한민국의_공정거래위원회_위원장	o	0.5048
삼성전자	product	인공지능	x	0.3734
영화배우	spouse	성혜랑	x	0.2897
칠레	leader	대통령	o	0.5034
일본	capital	시코쿠	o	0.4735
강원_FC	phylum	최고인민회의	x	0
선수	country	한국	o	0.5046
식육목	order	곰	x	0
공산주의	capital	바르나	x	0.4625
유니언_역_(시카고)	largestCity	일리노이_주	o	0.5045
강화도	country	대한민국_해군사관학교	o	0.5037
빌_게이츠	affiliation	마이크로소프트	x	0.4365
의원	party	일반인	o	0.5037
타이	country	등_(식물)	o	0.5059
베이루트	country	세르지_탄키안	o	0.5037
미국	product	인공지능	x	0.3861
독일	capital	대한민국_국회	x	0.4
에스토니아	country	북유럽	o	0.5175
자그레브	country	에스페란토	o	0.5046
이원수	spouse	신사임당	x	0.4199
아나돌루_에페스	largestCity	이스탄불	o	0.5037
한국GM	keyPerson	우원식	o	0.5037
헤이그	country	슬로보단_밀로셰비치	o	0.5037
의원	party	이_(4상)	o	0.5037
히말라야_산맥	ethnicGroup	한국인	o	0.5044
대한민국의_대통령경호실장	child	김여정	o	0.5312
에스페란토	country	중국	o	0.5037
폴란드	country	에스페란토	o	0.5037
외국인	occupation	에이스	x	0.4299
아바나	country	에스페란토	o	0.504
SK_와이번스	tenant	넥센_히어로즈	o	0.5037
가수	occupation	강남구	o	0.5018
쿠알라룸푸르	country	조선민주주의인민공화국_국방위원회	o	0.5425
신라	capital	성주_배씨	x	0.452
미국	capital	노벨_물리학상	x	0.414
영화배우	occupation	조선민주주의인민공화국	x	0.3567
부다페스트	country	에스페란토	o	0.5042
스퀘어_(일본의_기업)	largestCity	브래드_피트	o	0.5039
시카고	country	폴란드인	o	0.5052
동해	country	셀윈_구	o	0.5037
회장	keyPerson	최순실	o	0.5037
쿠바	country	에스페란토	o	0.5038
북인	relative	조선_선조	x	0.4395
자그레브	country	아바나	o	0.5037
조지아_(국가)	occupation	사도	o	0.5037
미국	country	세르지_탄키안	o	0.5037
애플_(기업)	manufacturer	삼성전자	x	0.3911
투수	affiliation	외국인	x	0.2075
강화도	country	한국	o	0.5044
작가	developer	한국	x	0.3673
대한민국의_대통령경호실장	party	대한민국_국회	o	0.5037
